token,x,y
"fix",1.0816887526616026,0.3074120272647281
"achieve",1.0644395792690073,0.2984731530057646
"comprise",1.13501411893632,0.3946007634408133
"transformed",1.1171505315781727,0.34363210501195285
"hither",1.1569385590850023,0.341238787389212
"everyday",1.112916710792634,0.3289360149221254
"helped",1.1707234374054862,0.32892169377210967
"just",1.1491931827129798,0.3357060781042439
"others",1.1414138461555527,0.3593845260934946
"agronomy",1.06823505502859,0.33631133542546493
"factors",1.0799432443937287,0.3261526471996867
"classes",1.1224770032019593,0.3372764002509667
"turning",1.1756247649600204,0.3482328234599788
"since",1.1040261495212385,0.3560935441643223
"i",0.9883916199309599,0.49563385692220324
"teaching",1.1180534977482652,0.33511013806462187
"business",1.1122553366905261,0.3244401701715872
"russia",1.0619614850719208,0.3607110993529686
"present",1.198574924338919,0.41972656737656533
"consist",1.1253775488578035,0.34526366762619326
"reader",1.0867505115862397,0.33948975467191816
"ability",1.158085625183515,0.3285182641187907
"dictatorship",1.1069380056525933,0.3494114555477878
"master",1.1382850512266538,0.3186004823937059
"request",1.1253830851792426,0.3497584824035532
"copper",1.149931286618402,0.36643017825264645
"commodities",1.10980185701115,0.38091830727728887
"proportional",1.1105387064143308,0.3907107805435265
"agrarian",1.0830485817551019,0.34452787658547535
"arisen",1.1570512554464436,0.35146838710578754
"corresponding",1.1699442921404597,0.31478024297221896
"women",1.1317362010397733,0.43211326284211593
"studies",1.230687994021538,0.29419283354991077
"study",1.186864508645452,0.3480467593064711
"andrew",1.078549490186526,0.2709147150729317
"academy",1.2158012210923799,0.4296375046081766
"premises",1.1297218617447606,0.32764900923992324
"independent",1.1091390586954228,0.33607828011520013
"subjects",1.0609511585644822,0.3627030868284519
"variety",1.0921101035786744,0.32588864720989685
"developed",1.211639614165423,0.2979890722506505
"thoroughly",1.1492821285372716,0.32344999674701924
"it",1.2144785280767543,0.39901730315217954
"influence",1.1916582684581218,0.30918428005617393
"issued",1.1287940232670601,0.3690033750167286
"thorough",1.1227797194629663,0.34331289562548195
"cutting",1.0599503531345866,0.3536008868983139
"provide",1.1031402552490657,0.34219954187598356
"investigating",1.1512706109057511,0.3262813373826375
"held",1.1158526297514588,0.36265921763894066
"transforms",1.179207828346625,0.321860222293192
"effected",1.1015089951711992,0.34157424383625035
"they",1.2972493567730508,0.37115700944381974
"lasted",1.094900280597074,0.3718685139717086
"societies",1.0988913798504303,0.3361250282939523
"old",1.196356389684688,0.3339725777233655
"harpoons",1.0628857904683169,0.39281108623707883
"xli",1.101133818678232,0.3147297454918739
"production",1.225203072607163,0.37752031231564687
"more",1.2136003728253963,0.3646984634373503
"forces",1.235861192177801,0.3612295404568651
"ostrovityanov",1.0449571872603247,0.33359143310561323
"exhausted",1.1225972929017476,0.3186993573037135
"widely",1.1554857874645421,0.3620060955389398
"moist",1.1265031246573523,0.3338604800640053
"appeared",1.1456138429389504,0.3431835631473265
"corresponds",1.1367466036419867,0.3436198059403573
"third",1.1452622340343654,0.36231811084237214
"dealt",1.110203540308421,0.3509311300838705
"experience",1.1868317541959148,0.2884032777244113
"deeply",1.1776649456590886,0.36008380799436046
"lenin",1.1360104875372223,0.384676499304853
"cultivate",1.0934808862845997,0.3649869012477064
"owns",1.1200079856260672,0.36561966687540015
"say",1.089374759214803,0.3041297892939548
"executives",1.159820374256445,0.311246986566836
"wrong",1.1337664397113654,0.3199430863171002
"takes",1.1268680967743037,0.28925193540236127
"or",1.2225399108637471,0.3391935029772104
"tierra",1.1589489874159664,0.38743729069469635
"through",1.1690324939189347,0.3234299692710458
"upon",1.2522938684145384,0.32228182924971094
"stand",1.1974403881117328,0.38093928886345874
"xxviii",1.1307525429001666,0.30498325457033476
"attained",1.1279657636194484,0.2923275096681358
"superstructure",1.1627697336337826,0.3146432520698532
"phenomena",1.2154837526942517,0.3618236461595739
"characterisation",1.114809977151714,0.37908653064205133
"consciousness",1.1158615409117802,0.3508491308638143
"scope",1.1306464093186344,0.35010559237177885
"while",1.085292999928356,0.3788803370232754
"broken",1.1420999299787418,0.3557849689778247
"schools",1.111700355010698,0.2730269168572117
"agriculture",1.11119451822071,0.34849315697413935
"deep",1.1726921872984988,0.33282806631484524
"original",1.0871060496618234,0.30630583671434786
"operate",1.1573859894561096,0.32595057079248446
"travellers",1.1275757775792608,0.3459924603014634
"editing",1.1694140095605536,0.33993877079933343
"proposals",1.1695676535288109,0.35822171520281343
"describing",1.0367871583369757,0.38487941692297956
"74",1.0465834175572781,0.37522887616952594
"arises",1.1082038856564762,0.34707677246881224
"million",1.107270966608013,0.37336432080622184
"nothing",1.11523833009489,0.3804768089449259
"sum",1.146595276364199,0.3246865052949992
"transitional",1.226462391703313,0.3532225451642994
"valleys",1.1049140252089136,0.3412666017172457
"existed",1.1364990657866214,0.2937781912046897
"section",1.1741599469647777,0.29190004794593
"grounds",1.0447958629276517,0.33066604496551105
"fruit",1.1024516082578708,0.32960858753654915
"values",1.1071085036096224,0.3807928577831902
"colonial",1.1325598681467042,0.36316479895106707
"order",1.1532222321300258,0.3464989519205344
"academician",1.120705204194064,0.3765206243131458
"slavery",1.0904311566919134,0.31373827542170424
"adapts",1.1127375342187067,0.29319573835085855
"remained",1.190581325464019,0.3469111213915459
"scientific",1.1679662800280195,0.35300229627625657
"artificial",1.1702464694053687,0.3894081006675815
"commodity",1.1154266804189177,0.4221763466167271
"fires",1.1536007341753387,0.337198877471074
"interaction",1.1312741788064753,0.319701139859074
"what",1.1732989875751563,0.3708188136063301
"further",1.2010012332311986,0.3316899163553402
"reproduction",1.1077332573136862,0.35990105646380244
"subjected",1.1498753226766463,0.321377340847473
"else",1.1292723868750587,0.3838264261770862
"history",1.1487190540961763,0.357818357575849
"written",1.121213506317931,0.33606450001307026
"manufacture",1.0418043999765274,0.3497237579294536
"thousands",1.1436918489668588,0.42435588328798096
"average",1.0869314763761806,0.3296669050820627
"1951",1.0880496623486429,0.3559409518529401
"woods",1.082042091974362,0.32699114549192715
"fear",1.1347965523274206,0.3234632119164068
"exploitation",1.1939775527628542,0.3218220499621994
"where",1.1102146817720966,0.3315280747556034
"native",1.1074448528974354,0.3683050989845613
"selected",1.0558225066577964,0.34813732328181574
"norwich",1.0758331773480203,0.30592629425659307
"expresses",1.0680219178392876,0.32497104891998835
"imperialism",1.1093099322510305,0.33473420434323437
"party",1.1283174738208415,0.32309095596981846
"carried",1.2462008949260661,0.3534493423317914
"using",1.0981852189921022,0.346654237132241
"central",1.1772096971145098,0.3750039973800221
"depressions",1.1580633870286645,0.3506117005317365
"laws",1.287959915862754,0.3097728051772868
"notice",1.1167656603494047,0.33916676135820717
"fish",1.0717516066111292,0.36727647938266106
"ideas",1.1093333529472886,0.34865846454806465
"consists",1.200644925046563,0.31486612311828993
"textbook",1.2503662501828778,0.40046584566600446
"singlehanded",1.0871181483140415,0.34907742751797377
"changes",1.1990455630253234,0.28785143937719015
"ape",1.1726836210653668,0.3528246989798059
"perform",1.0555400206098189,0.3391525133862835
"prepared",1.09687637549597,0.35818907015149565
"size",1.109696094816003,0.34122231323914204
"companion",1.1423988545387207,0.298578508784646
"outward",1.096051840541767,0.29880868286197115
"fundamentally",1.122744413307312,0.35540027348488645
"distribution",1.155896982498056,0.34303683932060125
"merchants",1.1464510723238013,0.32777200345865337
"personal",1.1214165740328084,0.31357592889822755
"develop",1.1889990660799719,0.2754515414908001
"bourgeois",1.1789399047153282,0.32877337981157495
"begins",1.1385133850627513,0.31039292879218655
"frequently",1.1357831178215352,0.29015806689890744
"state",1.0927783300764902,0.37902542736748523
"chipped",1.1423786528673427,0.3264790946671031
"its",1.2917218699261348,0.3310219609731079
"taken",1.1307044634130323,0.30876863843689645
"directed",1.1242108708769263,0.3226501016881938
"uninterruptedly",1.1396405785093735,0.29808365563330075
"has",1.3639669799294225,0.3595116808795825
"after",1.2066756270856924,0.331041651371016
"national",1.1662365352080717,0.31677321741773334
"thanks",1.068738048746215,0.369614492079612
"intended",1.066199549895683,0.35024821743638324
"than",1.242332771142811,0.37600292456133827
"finally",1.1646285870239295,0.36139257831230054
"sold",1.1435158663096803,0.3301828124322289
"member",1.1822765468705636,0.3565926709161307
"when",1.2484203293948712,0.3455339865490505
"welcome",1.140521380841524,0.32324966123898935
"sometimes",1.1317067141506445,0.37150019874421714
"industrialisation",1.0894213355779518,0.3634376816753847
"metal",1.109078989672613,0.4102568180767027
"cattle",1.0839317088547697,0.37590999542799497
"came",1.1714945721633057,0.34466039385812125
"absolute",1.0869084976100376,0.3362905336738245
"together",1.085776210648986,0.3539098780387129
"household",1.0980357708058035,0.3767533849670827
"followed",1.0984943338319582,0.34068414949392917
"hunters",1.1319928838730726,0.3848046185619514
"conceptions",1.1166356080746318,0.33861165404669813
"arose",1.2563112742036957,0.33234535375670216
"extremely",1.1759903831799101,0.3809964257012556
"position",1.166613182433106,0.37109896778347895
"provides",1.1716655070570774,0.3398468309455639
"mobile",1.144459394842301,0.36901681173641526
"1",1.1770230119675291,0.32098345409615453
"prime",1.1180373616716484,0.36373048646339873
"remote",1.1560897656788685,0.3366816913200495
"greatest",1.0929384719744277,0.32457377389648207
"allunion",1.1503068470828983,0.3069635150004074
"rent",1.0862298170572853,0.3358330889822656
"points",1.119251300713508,0.3207572778555025
"thought",1.0841289223010482,0.3629006571855604
"established",1.0996751235830737,0.3494290098572437
"entire",1.1001732866502418,0.31926637320557283
"fundamentals",1.0806821198562255,0.3132241934681855
"spread",1.0875518241831865,0.3598476503584776
"letter",1.0846609610915563,0.3305335918995945
"soviet",1.1773214820586992,0.3743646218439891
"economics",1.0883636545062683,0.3630412262674323
"genius",1.114228198082213,0.3297733641081435
"hinder",1.1347917207055875,0.35825898359933245
"drove",1.1282006393369055,0.36324499454966996
"2000",1.1141203249823528,0.31571472354063307
"however",1.080037717788153,0.3451938530183845
"discovery",1.1398569227114557,0.33404146123473016
"appropriate",1.1466476312389415,0.29774359356022984
"useful",1.0889529473359483,0.323418787718082
"loan",1.090525794457149,0.39118705013901633
"repeated",1.1250028504462255,0.2933773748906311
"dwelt",1.1642014524344773,0.3073395931688581
"spiritual",1.1168348667096248,0.2865392079827831
"329",1.0397830708458529,0.3458548440357206
"c",1.1315580207818334,0.433515372256728
"union",1.0977537928109702,0.38858140156587884
"fundamental",1.2166839086532075,0.3121107991161702
"m",1.0889871052735052,0.3549002167976269
"observed",1.1186759269855968,0.3432427422178422
"educational",1.1485464250491637,0.3184136990805176
"roughly",1.142558039908895,0.31155821542632783
"xxxii",1.0893596597917101,0.3165593097827213
"motion",1.1392667540290553,0.3380366299221857
"earlier",1.1303802872003275,0.35305794628642856
"affect",1.1831296037015788,0.30597808357392414
"oppression",1.0840573567238811,0.35448696928363377
"different",1.2019629235157818,0.266338286844097
"1957",1.0848339213917295,0.28408113707112953
"waters",1.0799736041907555,0.37760034922571634
"go",1.1231102509875854,0.32390300644293507
"herds",1.1417558912948935,0.3378103674099676
"fuegans",1.143500194592266,0.3346816662235818
"fist",1.0721370045764114,0.36734341273538024
"besides",1.1049611119696148,0.37815900334552094
"1950",1.0469649316882814,0.4134089517225309
"hordes",1.0531223371106897,0.3560960684910295
"lives",1.1310361696472357,0.31184782324321036
"process",1.2049053717507305,0.333838107443127
"half",1.1184841238518728,0.40328645890638015
"labour",1.2849150578999105,0.38868307408963376
"discovered",1.1338977893615845,0.3155558092604541
"engineering",1.083560839861336,0.28310089299029967
"later",1.1890189840303316,0.36119153534327075
"productive",1.2954205014008853,0.3582261439687875
"underwent",1.1100810402702825,0.3218113393321122
"connected",1.1497805691011496,0.2919372411306475
"assert",1.119800448393383,0.29357377935088774
"mutual",1.1430259446248094,0.3505640274813921
"years",1.103346123623556,0.41491348430464625
"organisation",1.0839567299289055,0.3341689037129095
"such",1.1395894285881363,0.36118448241665113
"fourthly",1.0753595535347709,0.3527874980585133
"many",1.1669485081471083,0.35683187343078326
"the",1.4715608985783537,0.4244902178882384
"instinctive",1.0463668025793238,0.3268843705589216
"communities",1.1148940057148344,0.3724202544610027
"stages",1.1301257504099256,0.2989333513208771
"institutions",1.1109540442180197,0.2857680823020563
"modern",1.122766553787142,0.3638015502044249
"correspondence",1.136764766383506,0.3058708495029821
"disinterested",1.108628879018757,0.30714156061407927
"phase",1.168751657821026,0.3237616479462308
"page",1.1087490346069537,0.29974840517814805
"some",1.0987722960333801,0.3311250700679251
"text",1.1158775511700865,0.38812294416498166
"satisfaction",1.1584518222466909,0.3045758530799676
"socialism",1.1272149054989007,0.3897984789446436
"possible",1.2273211041259744,0.32597170064956393
"chemical",1.1050677318209428,0.2908399416903176
"83",1.1032714460332989,0.3725000289892646
"every",1.0719645843644408,0.35142394909646985
"april",1.1036980290488534,0.34092231807574175
"capital",1.1442126243120068,0.40950441829312173
"equally",1.1401825795594644,0.33413765158040204
"is",1.4528918604237564,0.3968017831466664
"credit",1.0736120676357617,0.37621420055500643
"freed",1.1413733657382406,0.3397020904244648
"surroundings",1.1110013520698927,0.2975062038998182
"horses",1.1457649340741836,0.3480166495186149
"doctrines",1.1632030049579745,0.33986835463062026
"framework",1.098471522740421,0.3238271332541466
"aspect",1.1915496140780046,0.34456993803480496
"mono",1.1145063579591317,0.36213424466705985
"xx",1.0905155184327828,0.34426886359430064
"starvation",1.1157686044553556,0.34035619359700975
"originated",1.1168584819384988,0.340480085151817
"mastery",1.129927160915676,0.33498148198117517
"mental",1.1341685471670684,0.3419021992147245
"creatively",1.1239615631197009,0.3194432466968635
"complex",1.0954769390326133,0.332772444035656
"practice",1.1154089933954208,0.30829207888919213
"feature",1.1015508423909386,0.3186223957073881
"moribund",1.1291147314484224,0.3107030317475029
"had",1.2796080352217292,0.40305352463858685
"another",1.233028072279591,0.33514668751373367
"over",1.192643986434792,0.32026434858637604
"spinning",1.130007547278461,0.33965903095896816
"embryo",1.1151929981605284,0.38379854052798257
"owning",1.0974913279640446,0.33506110946817724
"gatovksy",1.0893643009700293,0.3379812792244135
"adopt",1.1426833569185717,0.34285297768797807
"activities",1.16612832616867,0.3336099786171705
"created",1.1576310240207381,0.3247178466969676
"wishart",1.1312927232504761,0.3327212812413202
"primitive",1.3193155430922612,0.3914922069228877
"members",1.1669056649921983,0.3334433740339564
"breeding",1.0917116942639695,0.3550274318273621
"establish",1.1289139657539635,0.34632664678063574
"occupied",1.1101237832505844,0.3399034860645577
"known",1.122253463861549,0.32438853076514884
"merge",1.1482652168959189,0.3229023142002635
"bones",1.081880656504323,0.3757390042299586
"phases",1.1236649316429863,0.33966634999671136
"existing",1.1067678142541453,0.3420756499486624
"arms",1.155578188632345,0.3105345361006624
"materialism",1.0884920458245102,0.32192290697134
"complete",1.0474977801303729,0.37659806050458977
"stage",1.1802106312741936,0.3410087444817673
"fore",1.102902364747216,0.3323259126780938
"versions",1.1202785632402792,0.3585559033080904
"historically",1.1201908278224946,0.3058349482418093
"here",1.181316803183765,0.3618242393864731
"pupil",1.0859175930875644,0.32385334605460264
"afforded",1.1597045926029352,0.3138562182259431
"agricultural",1.1331631345756472,0.3617986028383412
"preparing",1.1057626966845642,0.3512260409482094
"becoming",1.1617846623359933,0.36375385789256615
"during",1.1001728915301383,0.3204115674010775
"marxism",1.0557897355550154,0.3203248281441372
"examination",1.104380118911663,0.3472918209870357
"countries",1.150657857654813,0.3513598443817813
"essence",1.1311725599648488,0.3503797436189053
"index",1.1362587541338465,0.2528587415992014
"line",1.1185421461152512,0.3328421916037954
"activity",1.1767015254457238,0.3855816552505878
"kinds",1.123855373756855,0.27274737235288526
"needs",1.1584949507050433,0.3129044485703527
"predominated",1.110475576102518,0.3605636622347783
"break",1.1530836101389792,0.3666647634174469
"vol",1.0083552256487884,0.4626581085546833
"ever",1.1730044379596676,0.3498486415147073
"supply",1.0925742889375112,0.3467016872405866
"turn",1.1812009847830094,0.26536020542664224
"origin",1.1818522425068991,0.3716358997855066
"climates",1.0905689505133145,0.3116399409021283
"ix",1.094401497277363,0.3490897824201426
"contained",1.1545799657703832,0.29117176049678656
"difference",1.1114082643079706,0.2943820428136738
"ata",1.107875543018085,0.3381517301373362
"determined",1.17803780373239,0.2912532533176632
"beasts",1.0698420789807348,0.33774016046297206
"quaternary",1.0791969020575702,0.34654845349960356
"less",1.1861531382771144,0.3625208169422407
"work",1.2174123117507807,0.38900210512040323
"river",1.1948267042825491,0.3316518457404389
"expounded",1.0949798881094712,0.35239077768355526
"act",1.135820648476615,0.3467919378185643
"but",1.163934348066245,0.40751572019276616
"indispensable",1.1230712995913985,0.3786069653870105
"voice",1.098904898658839,0.34285670790831013
"institute",1.12876361680289,0.30194447416739684
"preparation",1.134390639995554,0.3668440571460292
"social",1.276079917246268,0.3791709818262084
"dutt",1.0926397769958258,0.30951312589663615
"modes",1.1682350230585312,0.3837700111468227
"transport",1.102021320039545,0.29263234025383067
"being",1.2038228722442583,0.3317509601396927
"physics",1.0890704154436237,0.3501602317079566
"capitalist",1.2227738664911165,0.38766768749272146
"are",1.387402089744594,0.3343171269041192
"would",1.2357444380529226,0.3625785983952387
"clothes",1.0785720267263184,0.40536025679182264
"building",1.1729740258990469,0.337546667031734
"f",1.1069408566952084,0.330909722070423
"also",1.3274609784785183,0.35654510310142024
"coincide",1.1105304930531965,0.32712537894746535
"exert",1.180636701399398,0.3128518135616822
"xliii",1.0785281295620603,0.3338988111146198
"fourth",1.1366802625662908,0.31129869888568185
"sciences",1.1604009699280884,0.38672399247115086
"extended",1.1143975021785757,0.3384899451564812
"come",1.1564735998683175,0.3260387242965383
"slow",1.1304081986237566,0.3321745106743304
"adults",1.1106973663471331,0.3228296357865932
"application",1.1809687759672811,0.38013395160093416
"hold",1.143869479591001,0.30968711728144666
"scarcely",1.1091303557116319,0.35049101847471753
"large",1.1912074106190884,0.3993447905431019
"collectivisation",1.1070803407394163,0.3880864260413499
"ii",1.0750176231391426,0.3691737965875431
"past",1.1247275753370323,0.2821030982619225
"1954",1.1324479821689637,0.364356276315599
"perfect",1.102198917844746,0.335099225415138
"improvement",1.1595906094091109,0.3149397385149992
"undertake",1.125283704397169,0.3031571773285078
"nomos",1.0496734178744718,0.33886393946631
"parties",1.110851352725178,0.3296884902317718
"first",1.1992364411407903,0.3432618860753273
"about",1.1139052959987952,0.33590165704474423
"stick",1.1422039722185442,0.4057791991434491
"stalin",1.0577184246824916,0.338731854051063
"communism",1.1415605964407587,0.3188574188715149
"constitutes",1.114069960130629,0.3594657650736847
"combined",1.1690483810066319,0.313956269866315
"accounting",1.189858050762139,0.3971644850567771
"category",1.1201786039308173,0.38662801151139425
"received",1.1775294952481312,0.3514001139026129
"raw",1.1021101070249404,0.34739644486507393
"give",1.1482442195210696,0.35221791941719105
"sent",1.1171622690469005,0.39953642679719004
"primarily",1.1241230665256876,0.3500708769358871
"begin",1.0686839168497237,0.3606860643696954
"whose",1.088712732659186,0.3626506123311572
"basis",1.2303933208289637,0.39308123815564716
"xxvii",1.0843294576238902,0.37944773170707957
"xxxi",1.1120205471223734,0.33838244647430304
"xxxiii",1.1162390046072908,0.3298398325432283
"machinery",1.1190467386960892,0.39158347976916047
"bearer",1.1257535451142373,0.3601430748764206
"tore",1.1174672330507325,0.37131169626072996
"thrust",1.0995932262471573,0.3879653831461839
"economic",1.2943423152206117,0.38302221107663353
"between",1.2731898429515611,0.3321726732160371
"ashkhabad",1.091429529687715,0.34261487646184824
"bowels",1.1193778616138805,0.3163957639654286
"discussed",1.1054038935761177,0.2676751756803828
"xxi",1.1134214282083814,0.2884782942845634
"brought",1.1102162816610048,0.32278024898907515
"economy",1.2781374614931753,0.4118669122921981
"their",1.4081283824918867,0.3872708343909323
"axes",1.1432729734367806,0.38059730440696626
"described",1.1451313610881122,0.33644834160827036
"all",1.2908514784840752,0.34313177034364917
"thus",1.026773893045966,0.3857970069285262
"revolution",1.105441780891412,0.31327250812419133
"always",1.1851674108243826,0.31076235353803805
"transition",1.2199323812718124,0.2916221228353589
"establishment",1.1135946820397704,0.34596334528787204
"progressive",1.167918737331989,0.33880259219526176
"drafts",1.1067360585158714,0.2878249389107189
"rise",1.123522658527218,0.3703347921393882
"an",1.3130248426348197,0.36972000258877613
"zasulich",1.1328980019864683,0.35058261736959256
"teachings",1.1352496135239203,0.3726415439516273
"fire",1.174606743927509,0.3843807666556863
"contradictions",1.1864674942644937,0.3518474291649879
"profitability",1.0991050567564613,0.3509931429062795
"important",1.2225052660109916,0.39466182995714316
"factor",1.113391708625451,0.35422324559666124
"intermediate",1.1205274979083995,0.3533477492433342
"which",1.340570223821098,0.35537680312568326
"hoe",1.0949174152106007,0.3663138778373667
"organised",1.1033475845454555,0.3045570467298796
"often",1.1431497642396589,0.32287730998969216
"led",1.130410562056028,0.265151996740103
"j",1.0684320986541123,0.37554499636155736
"governed",1.1396848153169303,0.3016961950986104
"tasks",1.1278126966473476,0.3629180981421994
"concerning",1.2431546386689898,0.3115003510735028
"learn",1.1675816155940217,0.32966520261014354
"nor",1.133136509113919,0.30779802776667353
"fetters",1.143519249048843,0.3197616837166669
"theory",1.1721736103088298,0.31751569645685307
"slurring",1.085706929653127,0.3330311114061055
"completed",1.1524187917767943,0.34854748393472407
"truth",1.150191380259545,0.3157173029876238
"strengthen",1.0995972141793968,0.35290761907486656
"12",1.0490092653310734,0.34574860847571226
"d√ºhring",1.1258602652688545,0.3619750038875434
"vital",1.164049230281892,0.3637054646788462
"regarding",1.1824173113366154,0.33787135768568494
"statistical",1.1561835341073834,0.28601663245074016
"stride",1.1666864650181645,0.33279627736135436
"deals",1.1070439072278784,0.3627054704994662
"means",1.2704850467528204,0.3789407700860533
"tubers",1.0432259848417955,0.36302046575892183
"fruits",1.1660226377912657,0.36033393992963914
"differently",1.1273442834093317,0.3213496239500897
"presented",1.134279994459266,0.35167910564067817
"aspects",1.1526487492165778,0.2980464047928714
"several",1.1580227985829799,0.36886224853053834
"on",1.3373293499805472,0.3690078712551915
"xvii",1.1258190715699605,0.32046472372233237
"progressed",1.1252754072360784,0.3801515226260551
"elemental",1.1314289652698815,0.3288509472628275
"obtained",1.1766118395362122,0.34635805472196857
"liberating",1.0889276729836233,0.337568747796102
"language",1.0873067411850192,0.3133168873362626
"devoted",1.1347845772542733,0.3189777652063412
"beginning",1.0938284098424231,0.35125389230564236
"weapon",1.1726972783410083,0.3439027552986712
"marked",1.116971533435722,0.33914320965533357
"perceptions",1.1356565256036193,0.3446458273178462
"prevented",1.1284760897792563,0.357791801935768
"continuer",1.0859840810499355,0.3257252393975952
"machine",1.1408065118647759,0.3416984148737721
"confidence",1.1234697337602446,0.3276716535655914
"legal",1.1506359758823241,0.30301919059680826
"prepare",1.098749534529583,0.3391809806133195
"defend",1.1354754850296918,0.3185495414464779
"set",1.187211818064278,0.2880378816374955
"active",1.1280889573195658,0.37362350551376033
"will",1.1939688704539724,0.34361901160794944
"languages",1.1031867189170266,0.36349122732409345
"lived",1.219801588919775,0.3343658572399874
"enriched",1.1698885008203568,0.2974694504344666
"politeia",1.1516971757928902,0.2959954759153295
"worked",1.2068103790830367,0.33472885666321456
"candidate",1.065548648333652,0.32751875004534936
"decisive",1.1522767163233174,0.3528382972310199
"almost",1.1765118649456248,0.32806705064996516
"dozen",1.1202985841108626,0.35072561662658086
"sex",1.1582568846091588,0.4038714106013967
"proletarian",1.0889200855391044,0.3225986725527185
"endeavoured",1.0873105726489731,0.32407284657371976
"numbers",1.1473308251805834,0.30943994514660006
"allow",1.1159218633922652,0.3079633186606022
"action",1.1744464262136536,0.35406717014267275
"conclusion",1.0897849199626002,0.2765337374894834
"separate",1.1349246473346744,0.34382535251169605
"good",1.1306355840500228,0.3354948696670441
"democracies",1.1851873509499358,0.3168285616027582
"reciprocal",1.183395537359048,0.28445954052782185
"forest",1.0909852852190622,0.3595994000143024
"linked",1.1255030992232458,0.2994708959172965
"archaeologists",1.0976884803029563,0.3233831495783218
"remains",1.0755088812880345,0.4018462719435689
"tillage",1.1086050191655286,0.3786690234443798
"invention",1.1488174907578108,0.39258554056481
"gradual",1.1444735990116133,0.354921283977723
"fuego",1.1754910097136504,0.3283318009143236
"particular",1.1588379540550302,0.3524888743192974
"presupposes",1.148161854489179,0.3357277188020975
"implement",1.1157007827866128,0.4003356127517186
"may",1.2000848898100234,0.2958790822179188
"kerr",1.1316841485273779,0.3567014733319377
"similar",1.0921451525528227,0.3164266152070637
"sense",1.1563569003041554,0.3539531799042974
"knives",1.1136009074701747,0.34833968470828347
"crude",1.1890457989061811,0.326017541295673
"though",1.052133765326372,0.3748202000794029
"g",1.0319970879967328,0.4037318586630122
"mesopotamia",1.1688522454487917,0.32252264778369233
"road",1.1813587126509901,0.27003912998939633
"necessities",1.1257414085091781,0.3691456312841331
"began",1.221204298376326,0.327515095972341
"published",1.0829180622126136,0.36504885114942415
"idea",1.128512381834326,0.321706150460899
"chief",1.1204789169755247,0.3397197113932135
"starts",1.092981502822297,0.2743345587557709
"life",1.1137430369851669,0.3912292544324901
"cannot",1.1379090039082187,0.303137895493368
"zoological",1.1121598945742852,0.31174499038628056
"tallinn",1.0255201569624903,0.38983588630598626
"processes",1.1244253507044568,0.34300153144087414
"vii",1.0757389734508755,0.3448425615396962
"facilitating",1.1568654116154928,0.34787455559105834
"little",1.1684968899487571,0.31570831235997965
"picture",1.1422832841143464,0.3136447139719589
"initial",1.1050164883874458,0.2929309516549712
"minsk",1.0864874014382868,0.34921245554655345
"opinions",1.0921269011355235,0.29670451561221356
"deprived",1.1207544349743672,0.3639939788402389
"for",1.3687481209947494,0.3820588862810231
"therefore",1.0945453084211185,0.35030978328539436
"hooked",1.074177457697084,0.35933346006421896
"abstracting",1.082413014299589,0.3575992567833025
"there",1.2082385053551505,0.3492778191539405
"aware",1.133807377671242,0.36511392023605393
"jointly",1.1990497722308424,0.29879302733807117
"itself",1.1220394995790763,0.32448072756863783
"powerful",1.081168223165115,0.3488642184355105
"met",1.1276373594853935,0.34796882367940424
"founder",1.0835216970719388,0.35783328398323216
"purposive",1.1241025490262826,0.32507946555519274
"belongs",1.1497768934309451,0.3328766463358197
"class",1.2447531350843923,0.34273571518227713
"concrete",1.1714034550551249,0.33612624067108704
"sensory",1.1152507032076737,0.3333534247669762
"operative",1.158863591447099,0.32813080060047034
"must",1.262236717402549,0.316845798575902
"famous",1.188097141441039,0.31619833167608724
"pointed",1.1360398981286075,0.3088683550821618
"bronze",1.1854020899497069,0.4028345561618326
"transforming",1.1347622407712998,0.331432933344288
"presents",1.142728287815879,0.3086187925516192
"condition",1.1812888069208176,0.338319402446446
"complicated",1.1136462521336263,0.32553511794991136
"correspond",1.1374018819605587,0.3435557051958031
"express",1.1669810735755581,0.30442160562791354
"tin",1.1113630863204207,0.3805770762433093
"dependence",1.1685192036485004,0.30510224856019147
"scattered",1.119182638352895,0.3519595410293168
"character",1.2313443077649844,0.35264084128310735
"1000",1.1251486386068579,0.3831977211331498
"content",1.0962452407072785,0.32502208872593163
"contributed",1.1425326448843292,0.35209744783975544
"emergence",1.1068971467476245,0.3562168923940488
"resolutions",1.1114458392741349,0.3777862402084836
"intensification",1.1075050949998169,0.36900644368108526
"feudalism",1.0736157824580974,0.38940875401686115
"marxist",1.180414735597812,0.3464664034974905
"ago",1.129293449837153,0.32972926175200357
"floods",1.0776795123415133,0.3322546395868405
"plant",1.1302229233626833,0.3237099499530276
"implements",1.1877922148029207,0.36085620885787134
"reckons",1.1134635434329374,0.3497280386870517
"form",1.171064192351441,0.3206276041209659
"settled",1.120980428629658,0.28805141083095
"vilnius",1.1131266914356923,0.3670116433008252
"utilising",1.1176074805537413,0.3296015782568331
"two",1.1094710187921202,0.3355156417682942
"meetings",1.094533215881524,0.36569093709996603
"grave",1.1616073815624492,0.3048875832766917
"investigates",1.1248773586146146,0.3406573229213255
"meat",1.0755826370815131,0.34621339606756046
"masses",1.1898472033797052,0.3488736537566387
"submitted",1.1203836958586884,0.3633515392998166
"viii",1.1001053000626828,0.37739265655395726
"ancestors",1.2388498311220268,0.33112925851896646
"wages",1.0396935844256465,0.28675951711562114
"outgrow",1.1381903323457416,0.31870302356406127
"erevan",1.0886200910045258,0.3504278871694337
"starchy",1.0435852544601047,0.3714259077884161
"understanding",1.0778444790949726,0.3933441579175829
"acts",1.1850200720048307,0.30908533651524417
"subsequent",1.1418736133269654,0.3109241646555257
"growth",1.1457033846972615,0.34509737799105533
"incident",1.1364157034606508,0.3203323074060985
"seated",1.1268733315161121,0.3188129650538485
"translation",1.0538501928925426,0.3854016232960821
"arrow",1.0722316030456454,0.3397145079398568
"source",1.1398822708649525,0.3801098189840552
"preserved",1.0594321988642446,0.3434431719057199
"ones",1.1116042384303322,0.35142332515069985
"row",1.1278743586335502,0.3343822446530021
"employed",1.1585018537199383,0.3232389837592075
"thirdly",1.0744268582937713,0.31997145734156285
"departments",1.1561569477248628,0.3445602434755519
"cold",1.0933126922039835,0.36437329365936044
"provided",1.1624788425498045,0.37725549369467276
"tashkent",1.1004449750916663,0.33737415218523853
"acquainted",1.1323714949228978,0.33877343784239283
"other",1.216679010067167,0.3663276539315279
"comprising",1.1028831148547424,0.3103651701939476
"xxxix",1.08615856189913,0.35077526920466173
"wild",1.1708299036195027,0.3749659667788926
"facts",1.1575055596843555,0.3300526911544146
"task",1.133863039404037,0.3146935191506721
"miklukho",1.0978643987980132,0.361517511198758
"structure",1.178959424108579,0.3756648808908199
"skins",1.1430375303941214,0.3791063759742884
"criterion",1.142175187934563,0.374136348437107
"generalising",1.1609941329268656,0.33391312190972744
"works",1.055261329488127,0.3506372441572614
"x",1.0957554438810975,0.3026695578610779
"september",1.0686115718185016,0.28882939829065485
"r",1.0091396643407977,0.3828197144890799
"protection",1.1778386202158126,0.32483565901040984
"sets",1.1453718879723513,0.3333764490933731
"uses",1.1422203683629175,0.34240415269907687
"forms",1.200348977109702,0.34414184920741203
"impoverishment",1.1264322378476765,0.38233726452181865
"defence",1.1611302319259957,0.3258818668159767
"overplus",1.1435411816084833,0.34737906148065106
"income",1.1385175221578816,0.3643962571096475
"create",1.1388173604135858,0.33092031929106996
"comrades",1.12935421535634,0.36973604153723694
"extensions",1.1036225851491384,0.26890868407070423
"available",1.1372766338466094,0.3206832862623686
"subsoil",1.0819551890160062,0.350424831790317
"general",1.2104478167482722,0.39246643910449547
"either",1.1387032106130655,0.29937520435978043
"i955",1.12699258410226,0.2772555863698564
"die",1.0897893044367835,0.36454817385683597
"crisis",1.1397434956141832,0.40612628300377246
"that",1.325353541970328,0.35964301105269747
"capitalists",1.0674462174067307,0.4026018984455272
"circumstances",1.1491690505943994,0.3148188620882942
"consequently",1.0408535656843008,0.3807237078771545
"interest",1.1620747398929392,0.337934027277589
"product",1.0927535901304093,0.32810126001796863
"common",1.1923468404465318,0.34077270024827233
"ending",1.1093987966690149,0.35780353164454437
"connections",1.2114027093707131,0.275882563658691
"rough",1.1081216023040594,0.3346815800926623
"each",1.1963957889041623,0.36558469311013486
"forth",1.1376485127848814,0.30995079382147317
"smelting",1.1720910664063073,0.4094661513890533
"prepares",1.1607776377631251,0.3063774369866065
"xi",1.1117048543160506,0.37210598828312286
"any",1.144096653646492,0.3677665352562576
"ore",1.127460832971997,0.3563216111035305
"precariousness",1.1106602656168867,0.34852128019566125
"elucidates",1.1113898230584436,0.314523409580976
"kiev",1.0749681442383112,0.36565943306761417
"develops",1.0723963183945753,0.3517282230522166
"included",1.1610105920893734,0.335272381908352
"requests",1.0773412559707956,0.3929351184930247
"causal",1.084449799416304,0.29839600480258677
"europe",1.1086879754011312,0.38551313375803403
"up",1.22022648976413,0.303032175516709
"communist",1.1449496171218314,0.28411524349356904
"then",1.1453675668598973,0.3515329877687296
"gatovsky",1.09411240434782,0.3486152571576136
"russian",1.1081772291947198,0.38686505805902843
"way",1.230343055481013,0.34414030344079294
"conscious",1.1164805016359358,0.3090041071528212
"living",1.2136717255512006,0.3472610064041532
"prospects",1.1113127584017009,0.32962145294273654
"university",1.1389639685887558,0.35450227237880666
"seventeenth",1.1108434166387604,0.30787537169855983
"iii",1.1276267307026442,0.337432786565715
"consumed",1.1217504349098157,0.3384021827463692
"help",1.1551049487706262,0.39996699819186643
"fraternal",1.099078987560067,0.34998043835765147
"professor",1.1349549632029212,0.2997861770493605
"objective",1.129932125682032,0.34543910236730613
"with",1.3316812983294974,0.3926825779127319
"questions",1.185867862852973,0.3001101960829261
"clashes",1.1383979556565058,0.3725797971098258
"course",1.154954521296505,0.36438503442751774
"constant",1.1051075908763313,0.35474672581194017
"operating",1.094956427059868,0.3203583512092364
"hand",1.1451777893950013,0.33598861984417633
"things",1.1201338283265079,0.34639505197898246
"brilliant",1.060113214841344,0.34555803936246365
"comrade",1.061648651960332,0.3369015545583458
"connecting",1.1747837414812987,0.33451918249336476
"animals",1.103760787169072,0.3790596409122338
"belong",1.100744050238426,0.31859040167497676
"raised",1.1240885210521374,0.32036266998519325
"circulation",1.112791965212894,0.3745737989288751
"neither",1.1627611500824842,0.31383949752490947
"to",1.5515807753182904,0.3994206755517496
"apes",1.1438233395522595,0.3031221365077053
"individual",1.105259563580766,0.37858237264161104
"at",1.2584463257571652,0.36783220640766473
"evidence",1.1403649781371712,0.34383416717840254
"revised",1.1133228378318627,0.4117128181272781
"reflect",1.1154836336913792,0.32231333469355467
"from",1.3261299868716443,0.35979163806839637
"greek",1.1327171611353632,0.36300262303599484
"be",1.319763587423178,0.3322427474262893
"improving",1.1897627747765487,0.3353175342010902
"world",1.1824663466090843,0.3407533687717061
"sphere",1.1239844019118908,0.32728979569554056
"contents",1.1119497621330316,0.2762095660053675
"sufficed",1.149554616462812,0.3206206393246224
"40",1.07846440969216,0.34037183682728644
"iv",1.1254384934425512,0.34796836152961924
"unity",1.102459380518058,0.3299781042133384
"conformity",1.0735781003600162,0.2967604995090718
"critique",1.126548191444772,0.35988603985745554
"understand",1.1280826930134427,0.3227488766655327
"ltd",1.1145876187263017,0.3536127757203678
"dog",1.171382169604601,0.3615249343405454
"live",1.0763421552733619,0.3308318167953559
"naturally",1.1096999875901574,0.3436265291989626
"yudin",1.0506301572972612,0.3428887127007271
"age",1.1847401389236438,0.37599089207266234
"xxvi",1.1130266082917688,0.33027542824421735
"attain",1.1300744322442806,0.34803916574763316
"exist",1.131774249975351,0.3306728720300721
"do",1.0892532850848302,0.2968750904277446
"sprouted",1.0913929909441178,0.33426360012129513
"science",1.187974274448976,0.32813087342133407
"off",1.174800584714484,0.2874567648407278
"went",1.1724559421115544,0.3281265287400006
"shows",1.2208573322554053,0.26903954725546375
"aid",1.122433883072656,0.32742678496742983
"applying",1.1117371663512807,0.3316614713874144
"conflicts",1.047719879364252,0.35491498020645745
"canals",1.086751542367583,0.3594902459327262
"earth",1.1725232327852593,0.3534098275081297
"elementary",1.098870195547496,0.3309407492617999
"carry",1.0713836805422257,0.3618105800212456
"name",1.1629853465618525,0.34518067416585574
"seeds",1.2071404039697835,0.35970081550881294
"requirements",1.1512335162896488,0.35944601351466565
"digger",1.1029126822156434,0.3137142512201142
"anti",1.0698227271663838,0.3434373082093749
"rooted",1.1488620219952141,0.3633927070743609
"march",1.1236777492433156,0.3229480777720122
"produce",1.1662122233414265,0.357277952417621
"b",1.0997392314913783,0.36067671450370153
"discuss",1.119582694212951,0.37597775399440747
"experiments",1.063515088038639,0.31245382126469984
"purposes",1.0918067685087263,0.4135900240581095
"hunting",1.1383113192538277,0.32169694368382085
"storehouses",1.069929866396398,0.298149195243905
"value",1.0274602107073707,0.4277038555195607
"xxxv",1.1061056966639784,0.32146594367514647
"disciplines",1.0836055098150026,0.2976707179404931
"inevitability",1.1211052371795724,0.31963278543935303
"edited",1.1647050222228463,0.3512381182119194
"real",1.119886847031562,0.32105417730715113
"both",1.158200029141043,0.31479433011041336
"stones",1.176295690249242,0.290675266860179
"cotton",1.0955526486982212,0.33752799448437776
"determines",1.1191689142950383,0.3412886906946447
"why",1.1287181660386654,0.3132190661620765
"formation",1.1407253718246213,0.3751085792869557
"plants",1.0963845375317038,0.33871853633536614
"copies",1.0969465047124651,0.3598994453871455
"drafting",1.1161694004015663,0.3631679149263617
"companions",1.1860164525800554,0.30876115086326483
"greater",1.1937917205314592,0.3255449907304477
"advanced",1.1481765621638758,0.3180928486086146
"found",1.1147157977652096,0.33687887969808455
"instruments",1.2166732698388298,0.3412016932904262
"xxiii",1.0940383181431177,0.3353254387421372
"answered",1.1269344043300982,0.3157023201327242
"no",1.2604906238747255,0.3784987200959571
"committee",1.0893842245159155,0.3676856805964146
"making",1.1724074516549279,0.35677140298603327
"along",1.1304373572101807,0.32268831055077785
"tree",1.0957370241751359,0.36257753859022784
"places",1.071272199978104,0.31130772669480383
"could",1.1801819050907714,0.39781259447887474
"obliged",1.0830336543806798,0.3288435024434939
"rises",1.1195455288082865,0.3621578139955275
"land",1.0840587418582515,0.33887149016864515
"like",1.1192044444794294,0.3859105637680193
"e",0.9535117556468118,0.4538410375995524
"dropped",1.1672300573961905,0.3597038879859191
"numerous",1.146532494757087,0.3207709061011846
"war",1.1161912773031963,0.28156503911488573
"instead",1.092481074704521,0.3023685590140879
"those",1.2575889703613792,0.3401379782817374
"sharpened",1.1925616926718525,0.33736267404826514
"inherent",1.1852069751482577,0.2820668099526014
"profit",1.1611648321086534,0.3193187320167788
"authors",1.3069333544288972,0.32616045034545843
"sore",1.1252960501133813,0.31749203898255285
"distinct",1.1351824394609822,0.3620155706920637
"baku",1.078681553796533,0.2983629960204187
"steady",1.1227268832380461,0.41207901521279383
"roots",1.168756962261051,0.37288556180049026
"need",1.1554764835009614,0.3186759928330595
"a",1.390649492148358,0.38254338136031024
"organ",1.0974252360486978,0.35024259487993004
"voyage",1.1261435040673462,0.3569068619700203
"applied",1.1255577811348911,0.34216796577537817
"comes",1.1346445477513099,0.33997770454862264
"kuzminov",1.1718419179747432,0.33525644220718953
"165",1.0809571974973915,0.34835514470072837
"chance",1.114729490682915,0.3486925398759655
"branches",1.1184461774246104,0.3174166707671915
"eat",1.096577476069872,0.311286750548564
"leads",1.127986120767333,0.3113309769084431
"intend",1.176607413179609,0.3638161154734525
"domesticated",1.1686637874004748,0.3177613872465609
"printed",1.0869475153335342,0.29709218012067395
"volkhonka",1.080085877842606,0.2638388382850458
"camp",1.0767867817371823,0.3202389764743949
"take",1.068932755439218,0.3520819616015521
"exchanging",1.0988032857313452,0.28158115285523005
"struggle",1.2609012695323807,0.32158313726164534
"wage",1.063942432376553,0.33994845951756736
"socialproductive",1.1227892441103855,0.36682422786472135
"theoretical",1.131904822392879,0.3180103017320371
"anthropoid",1.099998645772715,0.39627368400127205
"slave",1.1564241075325632,0.33989743375497744
"given",1.2451763699813267,0.31696800631534716
"681",1.0894103568010218,0.3499135716953003
"november",1.1563583603257717,0.37460593030400213
"3",1.132633486802244,0.3341553245033216
"wrote",1.093728091601626,0.35441534025236504
"epoch",1.1419414630561242,0.3252358764673311
"pupils",1.1245269161832878,0.3730252826660668
"man",1.3016517061843522,0.36547930142444296
"edition",1.2176922871243328,0.44268295702241983
"human",1.188629896521248,0.3312283824403147
"merchant",1.114047672744369,0.34099924666456727
"took",1.2785863131427406,0.3895809548204034
"attended",1.0951362954406736,0.3251627664029768
"outstretched",1.1202086119120285,0.34011586278050254
"collective",1.2140456180740447,0.40597956029664506
"enlarged",1.1606301128630592,0.3833018643639059
"start",1.0817243190412722,0.35044863074558286
"carefully",1.1875556849437046,0.3348881765645029
"conferences",1.1627987046106414,0.3815009864958319
"under",1.1609922348550539,0.306767218926586
"u",1.047356236444714,0.3585670897504691
"fact",1.1473664688493905,0.3338083099533626
"emancipation",1.1826688261592773,0.3133718343384578
"groups",1.3017526686016843,0.3171479337923902
"spears",1.1198556396034636,0.3721664892040789
"singles",1.0830635218970077,0.34750614496375937
"socialisation",1.1335309633808084,0.3466161100780384
"detail",1.1059088290856243,0.34480687377604985
"produced",1.1505955756113937,0.3532558433204769
"these",1.237423679024833,0.3570419222514842
"leninist",1.1065808593291688,0.27240384290574543
"able",1.153038976094886,0.32687788868655815
"paws",1.1434137418398584,0.3644632038470487
"propositions",1.2250741011234987,0.30465989863685367
"crawling",1.1675972234021488,0.29448003624914426
"exercises",1.146964029528356,0.3233033183003305
"traces",1.1787762659607044,0.39353089379079054
"certainly",1.0956251279181317,0.3072289991550815
"bow",1.156709643913415,0.3716988581829236
"containing",1.1317074220260956,0.30950132325571933
"century",1.1023729509456337,0.3193548623773753
"depends",1.1210647207084399,0.32952686120528835
"depending",1.078626756129713,0.36682384109068783
"use",1.2312041698132845,0.38103615431695925
"draft",1.1578431315041606,0.3977408781386868
"tests",1.0883392128702087,0.30796610308663097
"words",1.1888646542307935,0.3125053762917921
"have",1.3114762540303715,0.3897035239169486
"used",1.265714420767107,0.347262476483159
"only",1.3551792573089665,0.38255047534896214
"out",1.351366808791253,0.3765079797822407
"of",1.5191962067344338,0.4037557382889534
"hands",1.1803379559160105,0.3168429452445593
"examined",1.1337694773341565,0.2887011712619272
"xxii",1.1016539582475282,0.32515020830412766
"fully",1.179468801456712,0.32531122720631384
"transcendental",1.157794207141953,0.33467068939342876
"latter",1.111317664425779,0.3846944274350813
"open",1.1430721006244486,0.2999660272109497
"eliminate",1.1432639166127407,0.3513666323444523
"part",1.1898784425521796,0.29656742984257944
"describes",1.1421224698511292,0.35254675587794837
"impartial",1.0399918586622936,0.3889504240615641
"currency",1.1249603942271877,0.32532713830407634
"teachers",1.0571563782660798,0.3823713347399445
"departure",1.1395278096453727,0.3529717233432692
"single",1.19873167693944,0.31357611192779405
"k",1.1214963837168845,0.4024017791453005
"communal",1.194044694399118,0.38121448641509775
"sons",1.079842680895614,0.37011099084217997
"pp",1.0914261571759174,0.3688592723203109
"acquired",1.184260899880085,0.34342380586964877
"xl",1.0884125736011632,0.3556798037960591
"budget",1.0731297892984273,0.36369362661008314
"organism",1.0882059213859414,0.2991864848552877
"mode",1.2424746906503805,0.4198818960534671
"lump",1.1159400459149906,0.37564953379925
"increased",1.1474341773650487,0.30983381860195136
"2",1.1315338650511735,0.33739815149973684
"foundation",1.1164148881111338,0.308720823175875
"warm",1.1635762870799946,0.3180109297387397
"ownership",1.1729017795674954,0.43523715107625816
"done",1.0884749053662344,0.35157120504992495
"artificially",1.181422011681006,0.3322215769311796
"domestication",1.1039036381913845,0.41186966527525054
"completely",1.155259946345966,0.31143066321436996
"consequence",1.1320348275606313,0.33198813775072394
"abstraction",1.1345644646485276,0.37083368498841424
"group",1.1295061655186192,0.30512351657221587
"element",1.123583103035412,0.33705786325535486
"emerges",1.090001077185258,0.2701431772264071
"highly",1.098985372499094,0.34808411849501497
"studied",1.1836759963524874,0.359938502179058
"maintained",1.1551046959703006,0.36243281634005803
"public",1.121357486556989,0.3669716591485587
"them",1.149676305266989,0.3743918460915034
"knowledge",1.084650017909673,0.32812882647688235
"species",1.1729374948145517,0.3381126391599685
"detached",1.1561027958885022,0.2861440025791839
"shepilov",1.0897064692523901,0.36262327006882983
"triumph",1.1357374226518107,0.35642774476346023
"landmark",1.1405309609252072,0.36988924054186356
"republic",1.1026081649853503,0.3073715443051596
"crises",1.0979728837982885,0.3291863918940508
"piece",1.111578685648513,0.3512209842010272
"became",1.2603565087231745,0.3183898902598179
"oikonomia",1.108589694573944,0.34621510936206246
"follow",1.174458082003219,0.32178716543958846
"replacement",1.1449550029336646,0.34053814721009945
"political",1.2431304543385906,0.31250742783309476
"alloy",1.1233363813851376,0.3337928854496428
"associated",1.1029069129775575,0.3320996832818026
"specific",1.1792668354752995,0.3012929425440264
"mainly",1.1228301591625511,0.33156957613945326
"enter",1.1118176874155856,0.339312475220108
"circle",1.1337832754976958,0.32581683926936933
"closely",1.079601195465664,0.30514588079653493
"number",1.2236591873754108,0.382394946135484
"this",1.20263216013085,0.36597990733332497
"necessary",1.1288899395811742,0.34168329232309813
"well",1.1847539771629951,0.34430330782585494
"whether",1.134301048878329,0.37767395793994524
"concerned",1.158583638566083,0.2808518489009743
"widened",1.1434110394919215,0.3229481077859734
"revealed",1.1454563871721242,0.34738421276882614
"stone",1.1668177642686868,0.35314232458334716
"thereafter",1.0819183779021955,0.3361750684689741
"ground",1.091866902220365,0.37711705230352716
"dominion",1.1492549920260275,0.3263893978912497
"d",1.061787065704395,0.43473656488728196
"mud",1.1803423377526727,0.355441422774582
"make",1.1638599450563325,0.3098704302138465
"speech",1.1132987349547077,0.2868740474653133
"changed",1.1250760523804613,0.36986509430545633
"result",1.1562692098891063,0.37430316205818426
"striking",1.0955160268172464,0.35251362810493636
"chemistry",1.0500833522778512,0.3673490072752323
"naturalist",1.0880521768907527,0.3870297889673812
"expression",1.1158123217325042,0.3290984814463882
"death",1.1073572707184625,0.3662313464396246
"children",1.0685063570871363,0.35435745383532047
"volcanoes",1.1056060337515545,0.3321170874915284
"approximately",1.1085815211139025,0.32699855480534934
"possibility",1.1058922494574677,0.34433564427172103
"organs",1.1193970122090116,0.2991206891060103
"edible",1.1241927469871253,0.33995867500899746
"based",1.187814909167659,0.2906313826389155
"upright",1.1178608586054741,0.34626461890977545
"simple",1.1647663141500735,0.376754201542355
"indirectly",1.1220159538747358,0.34816465578839056
"sticks",1.191885744336617,0.40852989724971517
"mill",1.1436614253495647,0.3455216128096108
"united",1.1539300801958587,0.35053500583533365
"consumption",1.2205307873879176,0.3178995304493386
"producing",1.1458605560254038,0.33368939492059263
"basic",1.2769220866314985,0.3165633107389553
"having",1.112810721336241,0.32224567825107325
"shelter",1.0370889469614815,0.35625312778073387
"already",1.2002033628228976,0.2881172244690078
"xxxvii",1.0940974931646512,0.32149153478670717
"tried",1.12205666236301,0.34461002429929627
"draught",1.1355117000970705,0.3237824497413672
"considerable",1.118900839488337,0.335025778325824
"vitally",1.151921023574616,0.3763668667520766
"chinese",1.1377292248937336,0.36812674067842127
"individuals",1.1420547745641687,0.31024907228673515
"succession",1.1273487678337928,0.3590960333036045
"laptev",1.147514975333019,0.3646712359454149
"foreign",1.1041139877377344,0.374781944569724
"full",1.1319856138483504,0.3043160642705519
"among",1.2585468221842226,0.3264546098350527
"preserving",1.1388162056139628,0.34199502939873017
"expressed",1.119588538224704,0.2780277353732806
"affairs",1.0966706460726532,0.3445100109285094
"his",1.2294057309969175,0.37699777736956747
"conditions",1.2363826872620094,0.3169281979224521
"lightning",1.1432457607294633,0.3570133040420868
"perfecting",1.1271062466624706,0.3264924806126722
"successive",1.1246195445574343,0.32011687567804403
"certain",1.1824724837606388,0.3102087332868566
"vi",1.132769510087518,0.36281724009116184
"makes",1.1275610702990713,0.26287053479476163
"pashkov",1.084528678342032,0.27270412783990694
"unlike",1.063451937875666,0.3252149538789358
"been",1.3423318772221,0.38125947205711147
"low",1.1639253989951186,0.36948266637775207
"introduction",1.0958119450761437,0.26962837274068785
"theoreticians",1.1446856620612917,0.34562139728703634
"role",1.166633564491699,0.3387289749450741
"rothstein",1.144330543337412,0.33359847510583585
"tools",1.1349857156393948,0.38490023715006616
"relates",1.1133807418843498,0.4069693498697054
"send",1.135090075545146,0.31635609915492535
"papuans",1.084985474966317,0.3362829457992531
"hunger",1.084053368776999,0.37688320394685243
"xv",1.1012257989881309,0.3641837033285959
"someone",1.1122849726028194,0.394625315142777
"london",1.0895248276539875,0.3208653148560993
"skill",1.1129129779189475,0.3609197094244646
"who",1.2298473731813824,0.34736549612247836
"alma",1.1297899167146666,0.3149104406606341
"oikos",1.1184040613020545,0.37378887224963475
"critical",1.2693837654976468,0.38389225498542334
"vera",1.1170820318847003,0.3775695197778497
"food",1.1004486468969552,0.4180030138046975
"periods",1.1362098979046216,0.37312663770461685
"lower",1.068886761144176,0.3185542417461931
"expanded",1.1476128483040233,0.34530232982240244
"perished",1.1427548489079968,0.2865059021665914
"was",1.2876397562717563,0.4083778024677209
"ultimate",1.1302659614348078,0.37040378133346974
"comparatively",1.110003855058555,0.34031526019983876
"unthinkable",1.1283120189614362,0.3873865195544364
"revealing",1.1404405634070496,0.2795763465099282
"same",1.1990649034677405,0.3367659680707366
"suggestions",1.268214987505868,0.3214095851330215
"preface",1.0530412883655083,0.3284314649990505
"domesticate",1.0731213559952055,0.3135732144328469
"follows",1.1334201966872381,0.30108716859267237
"rubbing",1.0784080532891922,0.34826534240430146
"physical",1.1644703098192606,0.31217366300910454
"few",1.189024042942041,0.3462136454961995
"procedure",1.1289337934599144,0.34869057547863525
"mutually",1.1503251272298196,0.37001758514872635
"distinguished",1.178721892136281,0.33505612436252374
"non",1.044683972867702,0.35119077612245286
"really",1.1308826224360593,0.3341437532841825
"play",1.0849473493418553,0.379222537647347
"formed",1.147432194207906,0.34142984507559704
"date",1.2104253151134086,0.3871344497958524
"three",1.0869199450194413,0.33344800465531177
"weakness",1.1746041145523054,0.36206819993302164
"performing",1.1552904925710636,0.36173689354325267
"xxiv",1.0499824494874537,0.3267230097610272
"system",1.2253962463530954,0.3672185292954546
"change",1.12129274987742,0.35636995042358627
"hundred",1.1485383128516078,0.29320539134976514
"final",1.1400625611081021,0.3212364856632537
"share",1.1567248527077456,0.32218730594755607
"showed",1.1335985673243996,0.32140076968629144
"previously",1.1586888943173805,0.3712810468103017
"workers",1.132444157042892,0.3768528335349218
"materials",1.1188833583575146,0.3535467667871652
"men",1.2033051107668191,0.37037963342230357
"products",1.1913515359578208,0.3134123815330849
"epochs",1.1142252246142694,0.3203993102878013
"simplest",1.2149975961860329,0.3707940627188268
"raise",1.0546711401055284,0.36440210931452255
"planned",1.100938957866874,0.3559750506748957
"suitable",1.1447681462167956,0.3316437556500343
"played",1.2196582486587695,0.33288077320226517
"moscow",1.064372991306046,0.29262365385077205
"definite",1.208008179627917,0.30054244534544766
"roads",1.0766549802479146,0.36072927346699774
"higher",1.1284443899350867,0.35988373611767455
"down",1.1694589310635572,0.30675448378493175
"l",1.0966950883310955,0.46247409001328965
"habits",1.0585323963703253,0.3895268238173276
"obligatory",1.1305141049682508,0.32788740656553356
"millennia",1.1276481098348885,0.3582860355414438
"against",1.2095749100930737,0.3737530284707792
"fishing",1.090551894076679,0.3568895803368335
"gained",1.1368302389962965,0.35755967344218237
"secret",1.138980654024242,0.3366583463619776
"historical",1.2264503120468702,0.33293205064993403
"wealth",1.2124803408637443,0.3289792990180581
"constitute",1.164789396760223,0.3399343474002611
"book",1.128583820163837,0.36903658181750143
"costs",1.1791800881149854,0.3127422572742166
"evolution",1.0964268325937176,0.3405210752838738
"economists",1.209201884587832,0.33587395238006884
"by",1.3695911829596348,0.3948006747891166
"behind",1.148998359292859,0.3780573641504213
"scrapers",1.089538924857454,0.3042105171091183
"bury",1.1177933796478923,0.3335318074159124
"proletariat",1.0984770984383152,0.408852519480595
"tbilisi",1.0877626630229447,0.3920144588920909
"conception",1.116447792633678,0.3459835244041227
"resist",1.1439791923620717,0.3575864928899874
"link",1.195525140521702,0.33059485356094265
"microscopes",1.1203322186641291,0.33000682695640343
"subject",1.1396554024173466,0.36908969831576127
"bodily",1.1671987707919387,0.33653903114299705
"instance",1.1484661294306548,0.33526978345695807
"cut",1.1391143719996313,0.2994877462030007
"himself",1.0808335222689354,0.31525070603139055
"whole",1.159213538002047,0.42238866062726305
"formations",1.1958164152984792,0.3317595657934839
"conclusions",1.1620899845120252,0.2772731429138124
"actively",1.1236561783203813,0.34399357361717264
"tribes",1.1812090288534225,0.39046533354691093
"cannibalism",1.081483193082321,0.3540568892151152
"special",1.114342473874775,0.3342700927672886
"research",1.1293111890470695,0.3469220226223715
"leaders",1.1270458926844213,0.3508684071118736
"observations",1.2473188751247253,0.37620409157425955
"continue",1.1445122217661925,0.3184974582615134
"rotation",1.1159493721783196,0.351615974894332
"xix",1.136678963513572,0.32867438377582125
"impossible",1.0842775346355633,0.33735090907083515
"lie",1.1409180675021031,0.3058244603710916
"victory",1.1987405173765535,0.37954017935743223
"parts",1.1254372312491543,0.36548679244140536
"selection",1.1665167944530268,0.36968837027366414
"year",1.0872037339470078,0.3462876716753914
"power",1.1574381804628633,0.2956317056566828
"thoughts",1.0768900185393908,0.3445922213994769
"securing",1.127097701523078,0.3117185306980747
"hooks",1.1427408828579657,0.3693334182101125
"occurred",1.089979091052467,0.3433859903476329
"monopoly",1.093956729047422,0.35148881884634026
"abolish",1.1637839334212507,0.3219162608060418
"crumbled",1.1528236438078214,0.3769873599944219
"custom",1.1206880932053425,0.32849922347390786
"giving",1.1321433799647596,0.3095169911878632
"attack",1.1308751240080284,0.37522909668060156
"oldest",1.1234191561774682,0.36111501336808727
"economies",1.1816262304176879,0.3448918643909423
"struggling",1.158730667314521,0.3514325357999004
"knees",1.1090735349222172,0.3553213801990677
"point",1.1598012015262456,0.34220531918236635
"mind",1.092836740514072,0.33312062001808146
"were",1.2998274905691227,0.3685550284012859
"most",1.191492632784175,0.34627739666279295
"embraced",1.1443513032881671,0.3325151792053214
"types",1.1630005259817011,0.30676008748363
"afford",1.1078828335138073,0.32611942786295917
"ascending",1.1661418363065033,0.34784348218510536
"internal",1.0977657801896175,0.3548701288617808
"appearance",1.14078670185639,0.34597175774948385
"learned",1.1578684803716404,0.36962463165296433
"analysis",1.2075898587532794,0.3418229458801836
"sverdlovsk",1.1217625398284716,0.34531284564261133
"guinea",1.1269783750300366,0.38166897130032934
"uncomprehended",1.0413331574419442,0.38545334829169176
"furthermore",1.0552098301084298,0.3613505539412269
"purest",1.1016968176779207,0.3202936481152569
"sooner",1.121096470091399,0.2577003456192863
"method",1.1721465003395175,0.33959311432525763
"inevitable",1.1789638442457573,0.2941397390097245
"total",1.1674700601929782,0.35626890366335845
"egypt",1.1360956424632178,0.3700566129842399
"relationship",1.1749411782886907,0.3680912318952421
"buildings",1.1117622946122212,0.3887963962364707
"laboratory",1.1011174853734438,0.33797705465660677
"firmer",1.1467952090317977,0.34606916719079506
"pigs",1.0626362309907784,0.33809658767647466
"gave",1.1513737503601074,0.39735115361342377
"level",1.1929423856574806,0.3947374110180064
"put",1.0921525413578677,0.3296949135663956
"foreword",1.161035064951106,0.32460004071826304
"weaving",1.098964770080777,0.3253719022168823
"even",1.140615236519141,0.3496979278969531
"weighed",1.1623052600797597,0.3235200121912978
"arise",1.167710848547093,0.29189421781875713
"quite",1.1346713529506738,0.33890127344485066
"britain",1.0997842214466682,0.3521846643763783
"built",1.107630971037582,0.2957367609627402
"goats",1.1033928808952915,0.3317944705660805
"determining",1.1703751501320685,0.28287429380510887
"extracted",1.1452923964903579,0.31015690633445825
"africa",1.1245177344495283,0.32648383391650626
"according",1.1557110364717462,0.3173240441991242
"themselves",1.1559114121495344,0.37246924539471193
"address",1.1641712253019274,0.3417452010959872
"day",1.0804190253229713,0.33274977357382557
"gait",1.1107090959710308,0.34715407047220104
"english",1.0775445118407763,0.37228202790227677
"contribution",1.1058013004451313,0.35027353691758717
"contradict",1.1155784290058712,0.3475175819032228
"s",1.0620497896987366,0.35278680845622473
"determine",1.1347106614400233,0.3690982455685326
"simultaneous",1.1309242171203298,0.3566999343281836
"exceed",1.120586849458191,0.31398436123516205
"leninism",1.081417737883431,0.33168833285042787
"times",1.184814156703724,0.32090744122201154
"before",1.116469491850719,0.35581409951988985
"everything",1.0616512284306192,0.349651898958637
"p",1.0300538767016731,0.4385354398311941
"ages",1.14029293957478,0.3386456324897545
"explains",1.1258402932950438,0.3265389718950636
"distributed",1.154689983159186,0.3360375062143717
"gathering",1.1416191447704334,0.3261646722240266
"forc6s",1.1714821725263291,0.33071386450694373
"aggravation",1.0647438882636937,0.3403448319919572
"collaboration",1.139883768102413,0.32327048204333747
"xxxviii",1.0925632985165556,0.3354001007898828
"xxix",1.0646259972647334,0.31935443793867613
"influenced",1.1640814103789463,0.3756388749596755
"highest",1.1158667755148792,0.4240694610769826
"and",1.3950213237100695,0.40850686275301235
"how",1.2303578165292923,0.2742315175363809
"tipped",1.1200416797427433,0.3277630551462627
"starovsky",1.1039181066944066,0.37451141135020566
"necessity",1.094722210749056,0.3752314019386145
"persons",1.0659095161943895,0.3054818255285603
"cultural",1.137163025568913,0.29768247687582294
"inevitably",1.1425747996946838,0.334102096731238
"cooperation",1.1213986854797962,0.4039846195673886
"hindering",1.14029102906644,0.30096651349936043
"xxv",1.1119218541790514,0.34719475564936525
"connection",1.1664573569552348,0.30452254834164494
"ecqnomy",1.1215081704261192,0.37342014110649707
"development",1.2685905192694995,0.3853881045526396
"society",1.2276896369169605,0.37491475241846844
"technical",1.2011133000758558,0.32676523207089353
"smaller",1.1445392151464517,0.27703627278204357
"socialist",1.2668836381618325,0.29952417879265125
"cell",1.122382808810695,0.32949438002562165
"discussion",1.1661024133113755,0.32007363908846626
"exploit",1.1166468508863727,0.3708563456306421
"secondly",1.0735744412021322,0.30811149423292844
"jarrold",1.138353600578052,0.33125523420447756
"heave",1.129035112327062,0.3415733231410725
"forward",1.2152315278420507,0.32268592275337277
"concepts",1.1095777842141827,0.3139585293498128
"once",1.1554980367072445,0.2947638713662851
"creative",1.1346921403538945,0.32382828306085637
"without",1.120615034112877,0.3213141582376831
"soil",1.2762063118680949,0.38954420050015676
"marx",1.0708624940883718,0.40393051203309144
"perfected",1.133367580252132,0.32385451328951226
"nature",1.127827791487595,0.3837934265133077
"southern",1.1293477726107952,0.3622348249426417
"existence",1.1220264989438185,0.37209638411231605
"force",1.156685324705191,0.3753731802927868
"called",1.1649195258649638,0.30347767810005594
"knock",1.1074762126338615,0.3116279421068621
"word",1.1696764079986566,0.3396018576371295
"digging",1.1417942732654582,0.34430401918673176
"secondary",1.1013062725597451,0.3219300936764339
"industrial",1.1388629350873363,0.3007058923295071
"operation",1.139659145925912,0.2875985834181559
"stalinabad",1.0700217059451869,0.3844309181246872
"money",1.1094303117191477,0.3466035856583339
"round",1.085066199373413,0.3698595524711599
"aim",1.1941232391763006,0.39387540612400596
"should",1.1741704025975115,0.37641060127939496
"utilise",1.1578833339763919,0.3473380608023726
"example",1.053252555101743,0.3988119512940898
"communication",1.1307529669558816,0.34518627044033323
"treatment",1.1001645253118342,0.3386205003018594
"hastening",1.1209515921282196,0.3383758698289435
"own",1.1470208218249862,0.31735616118574833
"investigation",1.1044522409794624,0.3247728842030328
"valuable",1.1044076821862356,0.3371251675410163
"letters",1.1176720936491435,0.35599472940769517
"into",1.2513242241582954,0.3561055860769536
"revolutionary",1.1548372438608199,0.27072685585155354
"grains",1.154140614786052,0.3726003706337588
"end",1.1371027935507585,0.3579854714570145
"animal",1.2112231275183267,0.27500056898340247
"millennium",1.1351177477992405,0.3150384815820577
"possess",1.1159371295552116,0.3431552957563138
"slowly",1.1343524267278953,0.3311254691148896
"notion",1.0996892362212545,0.3899854234393864
"in",1.3731321652580228,0.38573210317464834
"poly",1.1617298044274458,0.3465034254644219
"great",1.27215826135327,0.38155371988115117
"extent",1.1193906947013283,0.3489487038807114
"traveller",1.1759180753359169,0.4043058835832906
"features",1.164352172230241,0.39330291874480344
"groping",1.1312072342995707,0.3518560540940951
"comments",1.209284627856095,0.3474054146729638
"difficulties",1.11940934814874,0.3763168073143755
"one",1.2601939734204433,0.3414039533259501
"doomed",1.1366242395768937,0.35616195567330916
"small",1.0794577207744704,0.32588440696068494
"nineteenth",1.085733400137318,0.30687864614994087
"community",1.1130547798201855,0.3546335040316612
"reflecting",1.102829729678421,0.32958337821735106
"time",1.2829376494919005,0.3723204391249634
"1936",1.0659455698211318,0.36753166462139164
"bound",1.1122369021358867,0.32216926031201587
"replace",1.1185961477351891,0.3587780285007837
"xviii",1.13379921476268,0.3047139358186421
"doctor",1.1145078517413787,0.34342896831896486
"xxxvi",1.1041039928218148,0.36355531632218413
"darwin",1.1091705189754144,0.3464368860465995
"readers",1.1184841428742236,0.3452731043233826
"asia",1.1152879237923752,0.3712838630094303
"chapter",1.096153833457072,0.2733901346933073
"maklai",1.1373954090775362,0.3170398299095846
"t",1.0454338132763068,0.3987021659475472
"xiii",1.0954883846671086,0.3300834072197677
"clear",1.102657236206147,0.3409876286608501
"free",1.060370479256452,0.30276528776112926
"divided",1.1114122439845797,0.3469670885494007
"equal",1.1689012693130159,0.4083835762763285
"smelt",1.1020833352231838,0.3059831806852248
"directly",1.1492882551995445,0.3529995479113279
"neutral",1.1079347204454062,0.3443826789901209
"western",1.1958175261423916,0.3205613016888671
"relations",1.3434376852169359,0.38875304870093325
"abolished",1.078735262542531,0.33460742980602204
"wood",1.0636674701400917,0.38839023070719325
"canvas",1.128114508665195,0.3845981932894543
"kind",1.0694792499705867,0.36343776853625737
"essential",1.1911179002777408,0.29478756588954746
"place",1.2216441570196903,0.35313451318830685
"strength",1.1243981393118316,0.35334128739882903
"represent",1.1399189180286855,0.3517134837092983
"objects",1.2030280454308568,0.35381182837269404
"contradictory",1.098680336575219,0.33578270870673815
"liberation",1.1181779187588181,0.37298145613801725
"collectively",1.1312405581752185,0.34118622644389834
"del",1.1713262121372474,0.38639808694091365
"type",1.1003990906364767,0.37342639858879384
"engels",1.1157664865679253,0.360299023041469
"terms",1.1141212407251277,0.340994030358388
"various",1.2375400474707785,0.3191636206641985
"component",1.1077029449401206,0.3149772239794852
"exchange",1.1524395119476736,0.39674932351822717
"co",1.19451302803363,0.3398120835867921
"enslavement",1.1433767000558652,0.37229290940798726
"exists",1.1166086282824483,0.33149790830712716
"turnover",1.1604990411986842,0.28976785778919606
"taught",1.204569537426083,0.3596139063513901
"xxx",1.1068204058065743,0.3180543542197906
"trade",1.0746667382040407,0.3727804566876507
"new",1.2433142078099937,0.3013545631991748
"can",1.1517208509705508,0.30440634706575576
"away",1.1506335126168996,0.36546626922172554
"xxxiv",1.06853256790297,0.2891908511075618
"contradiction",1.1487239997506142,0.36186787390076824
"regulate",1.1165745892145837,0.28714471737230707
"regions",1.068123149671253,0.3213984008609156
"lawrence",1.1195426848650358,0.2791232758867243
"reagents",1.1249376438789778,0.30477736887507456
"working",1.195721217143104,0.30570621437460604
"friction",1.1468824165251883,0.34065903705713874
"meagre",1.1186944557130027,0.3307420097393117
"1955",1.0889857308125677,0.2964991213500625
"peoples",1.1317418479782049,0.37428118034505764
"communicate",1.1189962868563552,0.3270752937253098
"n",1.0910142200508484,0.37305609498069925
"clothing",1.0635428397764177,0.3138891472263002
"hence",1.1010280305880422,0.3412498153831371
"consisted",1.1336756743140695,0.3505180323279449
"etc",1.0102415554839188,0.427611207922586
"v",1.1217045273640263,0.4471855914490631
"xlii",1.0947560938961938,0.31650694227842213
"isolated",1.1857159751223054,0.3304207720046183
"riga",1.0966854647515178,0.3618165208025915
"so",1.175024651061831,0.3957185775602152
"as",1.2742338709661287,0.3564262907925089
"beyond",1.129221906202511,0.3414025718100814
"rapidly",1.1455396294739026,0.35558952639741365
"petty",1.09660700969919,0.321386744933181
"six",1.1655352057708732,0.35961145130080374
"dependent",1.213090191545748,0.30351065038850383
"brain",1.1284891592930597,0.3509279037157042
"include",1.1306073517241306,0.34479191490333994
"capitalism",1.1355705392671374,0.32752557499318485
"people",1.2289235827266864,0.36214706335782615
"broad",1.0582233671223498,0.3394425024515476
"interests",1.1933801763084613,0.3567663053645382
"soft",1.1057776638736372,0.387523066427318
"does",1.1298723027041921,0.353770896529351
"investigate",1.079183552712283,0.3602494828303445
"pereslegin",1.0747974502773656,0.36214347468675423
"exposition",1.0982038957790008,0.36101271514926364
"scientifically",1.1238449596417783,0.32927154376513573
"categories",1.150439090481723,0.3467865764229099
"division",1.1129533477399827,0.3802766995695051
"account",1.1861031915965026,0.3835278958888529
"private",1.179453166377204,0.33451438219793167
"much",1.1521895760656526,0.33744873049707913
"long",1.1523385859579744,0.3644184043563886
"price",1.1749192774837212,0.39090033333546687
"xvi",1.0932260993818135,0.3095448036024702
"if",1.1443256048491337,0.33266967172122647
"did",1.1553355107198333,0.3837277154968543
"made",1.3356334918028852,0.33621149466684375
"fullydeveloped",1.1206467539205398,0.29412414084856775
"hundreds",1.0937325295554656,0.3179584474185621
"laid",1.0982658528293536,0.3066632623773576
"problems",1.1082251824454086,0.323885239548813
"natural",1.2110210559173888,0.35520063330406954
"arm",1.0950063264801666,0.34463889896572886
"xii",1.1038543086556065,0.3080346620010119
"articulate",1.0780581017469035,0.34732715088086563
"dialectical",1.1299038440626628,0.3456960967134975
"iron",1.0942702154284272,0.33612157039972435
"founders",1.1304478445336648,0.36119923747138294
"metallurgy",1.0496680134509973,0.3342536723186187
"leningrad",1.067176510631879,0.36415775520253935
"law",1.2298791197683163,0.37362235252329434
"information",1.1747505273231447,0.324815557930581
"earliest",1.1439529569972344,0.31320416069671003
"material",1.2924261204862415,0.39336336742639205
"importance",1.1559410974008926,0.3687471532270104
"mankind",1.1316831642732168,0.3620734095848511
"saw",1.124565390305418,0.3262328021646704
"within",1.1473210911278382,0.3411146106415368
"keep",1.1163909967098273,0.30071484579577673
"not",1.2837125365029993,0.3707242306675925
"discloses",1.0661198404288348,0.33347883085897045
"pre",1.1933133122223487,0.362724773129435
"mastering",1.1177187569374791,0.3378150509350106
"we",1.1061543594459662,0.3566543736337769
"fifth",1.0857051701466955,0.299027529295307
"leontyev",1.0792779168026092,0.3783719731201712
"gradually",1.1175620621999511,0.3540625348535757
"eruptions",1.0569454106683984,0.38496857253097294
"second",1.2586818440209013,0.4007679389671412
"downfall",1.1616546047662206,0.3506938298971185
"daily",1.1183537808799309,0.3068259629194116
"stress",1.1248925469310156,0.31194736814636953
"converted",1.1647895360584144,0.3172007953628979
"dogmatic",1.1019168769312229,0.32788641123142837
"prey",1.1548525104819853,0.33797389381708426
"enrichment",1.0753520676596857,0.400957084232512
"serve",1.1358725001363332,0.2757464760132509
"logical",1.0967026303543597,0.32589833853460975
"following",1.2452904524307828,0.3018442515535254
"satisfy",1.1341741479189418,0.36996256899393665
"served",1.1267624791383095,0.3582286586313552
"main",1.1046018517915457,0.37292324357619194
"orders",1.0706237188537788,0.3435594348263386
"14",1.0222272447322607,0.3606468608093932
"democracy",1.1377960582575342,0.35878883819822965
"property",1.2515849101300565,0.3705683593620558
"he",1.2432839901833694,0.34471156325125774
"period",1.2057822134640612,0.3785758688049531
"accumulation",1.1401967188364048,0.3480103442009715
"surplus",1.1277978862192433,0.38297854921563124
"feudal",1.0834206612856192,0.3865084881941204
"yarn",1.0540015062828787,0.34162314980443037
"very",1.200450993944289,0.3051533966726197
"accomplish",1.1835149644589513,0.3199780278729153
"xiv",1.1010226985889557,0.33061590108619854
"womb",1.1624723923466378,0.38719892926543303
"commune",1.1358195041173644,0.31509309822537046
